Workbook

Sheet Summary
A1: Rule adherence test report -- schedule v98
A2: Adherence % per check = followed / occurrences. PASS >= 99.5 %, PARTIAL 80-99.5 %, FAIL < 80 %. Report-only rows, rules without plant data and not-applicable rules are listed on 'Checks' but not scored.
A4: Section | B4: Checks scored | C4: PASS | D4: PARTIAL | E4: FAIL | F4: No data / report / not scored | G4: Average adherence % (per check) | H4: Occurrence-weighted adherence %
A5: Building & curing | B5: =COUNTIFS(Checks!$A$2:$A$111,$A5,Checks!$F$2:$F$111,"<>") | C5: =COUNTIFS(Checks!$A$2:$A$111,$A5,Checks!$G$2:$G$111,"PASS") | D5: =COUNTIFS(Checks!$A$2:$A$111,$A5,Checks!$G$2:$G$111,"PARTIAL") | E5: =COUNTIFS(Checks!$A$2:$A$111,$A5,Checks!$G$2:$G$111,"FAIL") | F5: =COUNTIFS(Checks!$A$2:$A$111,$A5)-B5 | G5: =IFERROR(AVERAGEIFS(Checks!$F$2:$F$111,Checks!$A$2:$A$111,$A5),"") | H5: =IFERROR(SUMPRODUCT((Checks!$A$2:$A$111=$A5)*(Checks!$F$2:$F$111<>"")*Checks!$E$2:$E$111)/SUMPRODUCT((Checks!$A$2:$A$111=$A5)*(Checks!$F$2:$F$111<>"")*Checks!$D$2:$D$111)*100,"")
A6: Mixing | B6: =COUNTIFS(Checks!$A$2:$A$111,$A6,Checks!$F$2:$F$111,"<>") | C6: =COUNTIFS(Checks!$A$2:$A$111,$A6,Checks!$G$2:$G$111,"PASS") | D6: =COUNTIFS(Checks!$A$2:$A$111,$A6,Checks!$G$2:$G$111,"PARTIAL") | E6: =COUNTIFS(Checks!$A$2:$A$111,$A6,Checks!$G$2:$G$111,"FAIL") | F6: =COUNTIFS(Checks!$A$2:$A$111,$A6)-B6 | G6: =IFERROR(AVERAGEIFS(Checks!$F$2:$F$111,Checks!$A$2:$A$111,$A6),"") | H6: =IFERROR(SUMPRODUCT((Checks!$A$2:$A$111=$A6)*(Checks!$F$2:$F$111<>"")*Checks!$E$2:$E$111)/SUMPRODUCT((Checks!$A$2:$A$111=$A6)*(Checks!$F$2:$F$111<>"")*Checks!$D$2:$D$111)*100,"")
A7: Mixing (rules 01-Oct + v47) | B7: =COUNTIFS(Checks!$A$2:$A$111,$A7,Checks!$F$2:$F$111,"<>") | C7: =COUNTIFS(Checks!$A$2:$A$111,$A7,Checks!$G$2:$G$111,"PASS") | D7: =COUNTIFS(Checks!$A$2:$A$111,$A7,Checks!$G$2:$G$111,"PARTIAL") | E7: =COUNTIFS(Checks!$A$2:$A$111,$A7,Checks!$G$2:$G$111,"FAIL") | F7: =COUNTIFS(Checks!$A$2:$A$111,$A7)-B7 | G7: =IFERROR(AVERAGEIFS(Checks!$F$2:$F$111,Checks!$A$2:$A$111,$A7),"") | H7: =IFERROR(SUMPRODUCT((Checks!$A$2:$A$111=$A7)*(Checks!$F$2:$F$111<>"")*Checks!$E$2:$E$111)/SUMPRODUCT((Checks!$A$2:$A$111=$A7)*(Checks!$F$2:$F$111<>"")*Checks!$D$2:$D$111)*100,"")
A8: MPQ | B8: =COUNTIFS(Checks!$A$2:$A$111,$A8,Checks!$F$2:$F$111,"<>") | C8: =COUNTIFS(Checks!$A$2:$A$111,$A8,Checks!$G$2:$G$111,"PASS") | D8: =COUNTIFS(Checks!$A$2:$A$111,$A8,Checks!$G$2:$G$111,"PARTIAL") | E8: =COUNTIFS(Checks!$A$2:$A$111,$A8,Checks!$G$2:$G$111,"FAIL") | F8: =COUNTIFS(Checks!$A$2:$A$111,$A8)-B8 | G8: =IFERROR(AVERAGEIFS(Checks!$F$2:$F$111,Checks!$A$2:$A$111,$A8),"") | H8: =IFERROR(SUMPRODUCT((Checks!$A$2:$A$111=$A8)*(Checks!$F$2:$F$111<>"")*Checks!$E$2:$E$111)/SUMPRODUCT((Checks!$A$2:$A$111=$A8)*(Checks!$F$2:$F$111<>"")*Checks!$D$2:$D$111)*100,"")
A9: 4-roll calender (901) | B9: =COUNTIFS(Checks!$A$2:$A$111,$A9,Checks!$F$2:$F$111,"<>") | C9: =COUNTIFS(Checks!$A$2:$A$111,$A9,Checks!$G$2:$G$111,"PASS") | D9: =COUNTIFS(Checks!$A$2:$A$111,$A9,Checks!$G$2:$G$111,"PARTIAL") | E9: =COUNTIFS(Checks!$A$2:$A$111,$A9,Checks!$G$2:$G$111,"FAIL") | F9: =COUNTIFS(Checks!$A$2:$A$111,$A9)-B9 | G9: =IFERROR(AVERAGEIFS(Checks!$F$2:$F$111,Checks!$A$2:$A$111,$A9),"") | H9: =IFERROR(SUMPRODUCT((Checks!$A$2:$A$111=$A9)*(Checks!$F$2:$F$111<>"")*Checks!$E$2:$E$111)/SUMPRODUCT((Checks!$A$2:$A$111=$A9)*(Checks!$F$2:$F$111<>"")*Checks!$D$2:$D$111)*100,"")
A10: Extrusion - Quintoplex (1002) | B10: =COUNTIFS(Checks!$A$2:$A$111,$A10,Checks!$F$2:$F$111,"<>") | C10: =COUNTIFS(Checks!$A$2:$A$111,$A10,Checks!$G$2:$G$111,"PASS") | D10: =COUNTIFS(Checks!$A$2:$A$111,$A10,Checks!$G$2:$G$111,"PARTIAL") | E10: =COUNTIFS(Checks!$A$2:$A$111,$A10,Checks!$G$2:$G$111,"FAIL") | F10: =COUNTIFS(Checks!$A$2:$A$111,$A10)-B10 | G10: =IFERROR(AVERAGEIFS(Checks!$F$2:$F$111,Checks!$A$2:$A$111,$A10),"") | H10: =IFERROR(SUMPRODUCT((Checks!$A$2:$A$111=$A10)*(Checks!$F$2:$F$111<>"")*Checks!$E$2:$E$111)/SUMPRODUCT((Checks!$A$2:$A$111=$A10)*(Checks!$F$2:$F$111<>"")*Checks!$D$2:$D$111)*100,"")
A11: Extrusion - Duplex (1801) | B11: =COUNTIFS(Checks!$A$2:$A$111,$A11,Checks!$F$2:$F$111,"<>") | C11: =COUNTIFS(Checks!$A$2:$A$111,$A11,Checks!$G$2:$G$111,"PASS") | D11: =COUNTIFS(Checks!$A$2:$A$111,$A11,Checks!$G$2:$G$111,"PARTIAL") | E11: =COUNTIFS(Checks!$A$2:$A$111,$A11,Checks!$G$2:$G$111,"FAIL") | F11: =COUNTIFS(Checks!$A$2:$A$111,$A11)-B11 | G11: =IFERROR(AVERAGEIFS(Checks!$F$2:$F$111,Checks!$A$2:$A$111,$A11),"") | H11: =IFERROR(SUMPRODUCT((Checks!$A$2:$A$111=$A11)*(Checks!$F$2:$F$111<>"")*Checks!$E$2:$E$111)/SUMPRODUCT((Checks!$A$2:$A$111=$A11)*(Checks!$F$2:$F$111<>"")*Checks!$D$2:$D$111)*100,"")
A12: Extrusion - Triplex (1001) | B12: =COUNTIFS(Checks!$A$2:$A$111,$A12,Checks!$F$2:$F$111,"<>") | C12: =COUNTIFS(Checks!$A$2:$A$111,$A12,Checks!$G$2:$G$111,"PASS") | D12: =COUNTIFS(Checks!$A$2:$A$111,$A12,Checks!$G$2:$G$111,"PARTIAL") | E12: =COUNTIFS(Checks!$A$2:$A$111,$A12,Checks!$G$2:$G$111,"FAIL") | F12: =COUNTIFS(Checks!$A$2:$A$111,$A12)-B12 | G12: =IFERROR(AVERAGEIFS(Checks!$F$2:$F$111,Checks!$A$2:$A$111,$A12),"") | H12: =IFERROR(SUMPRODUCT((Checks!$A$2:$A$111=$A12)*(Checks!$F$2:$F$111<>"")*Checks!$E$2:$E$111)/SUMPRODUCT((Checks!$A$2:$A$111=$A12)*(Checks!$F$2:$F$111<>"")*Checks!$D$2:$D$111)*100,"")
A13: Extrusion - Quadraplex (1803) | B13: =COUNTIFS(Checks!$A$2:$A$111,$A13,Checks!$F$2:$F$111,"<>") | C13: =COUNTIFS(Checks!$A$2:$A$111,$A13,Checks!$G$2:$G$111,"PASS") | D13: =COUNTIFS(Checks!$A$2:$A$111,$A13,Checks!$G$2:$G$111,"PARTIAL") | E13: =COUNTIFS(Checks!$A$2:$A$111,$A13,Checks!$G$2:$G$111,"FAIL") | F13: =COUNTIFS(Checks!$A$2:$A$111,$A13)-B13 | G13: =IFERROR(AVERAGEIFS(Checks!$F$2:$F$111,Checks!$A$2:$A$111,$A13),"") | H13: =IFERROR(SUMPRODUCT((Checks!$A$2:$A$111=$A13)*(Checks!$F$2:$F$111<>"")*Checks!$E$2:$E$111)/SUMPRODUCT((Checks!$A$2:$A$111=$A13)*(Checks!$F$2:$F$111<>"")*Checks!$D$2:$D$111)*100,"")
A14: General rules | B14: =COUNTIFS(Checks!$A$2:$A$111,$A14,Checks!$F$2:$F$111,"<>") | C14: =COUNTIFS(Checks!$A$2:$A$111,$A14,Checks!$G$2:$G$111,"PASS") | D14: =COUNTIFS(Checks!$A$2:$A$111,$A14,Checks!$G$2:$G$111,"PARTIAL") | E14: =COUNTIFS(Checks!$A$2:$A$111,$A14,Checks!$G$2:$G$111,"FAIL") | F14: =COUNTIFS(Checks!$A$2:$A$111,$A14)-B14 | G14: =IFERROR(AVERAGEIFS(Checks!$F$2:$F$111,Checks!$A$2:$A$111,$A14),"") | H14: =IFERROR(SUMPRODUCT((Checks!$A$2:$A$111=$A14)*(Checks!$F$2:$F$111<>"")*Checks!$E$2:$E$111)/SUMPRODUCT((Checks!$A$2:$A$111=$A14)*(Checks!$F$2:$F$111<>"")*Checks!$D$2:$D$111)*100,"")
A15: IL / calendering | B15: =COUNTIFS(Checks!$A$2:$A$111,$A15,Checks!$F$2:$F$111,"<>") | C15: =COUNTIFS(Checks!$A$2:$A$111,$A15,Checks!$G$2:$G$111,"PASS") | D15: =COUNTIFS(Checks!$A$2:$A$111,$A15,Checks!$G$2:$G$111,"PARTIAL") | E15: =COUNTIFS(Checks!$A$2:$A$111,$A15,Checks!$G$2:$G$111,"FAIL") | F15: =COUNTIFS(Checks!$A$2:$A$111,$A15)-B15 | G15: =IFERROR(AVERAGEIFS(Checks!$F$2:$F$111,Checks!$A$2:$A$111,$A15),"") | H15: =IFERROR(SUMPRODUCT((Checks!$A$2:$A$111=$A15)*(Checks!$F$2:$F$111<>"")*Checks!$E$2:$E$111)/SUMPRODUCT((Checks!$A$2:$A$111=$A15)*(Checks!$F$2:$F$111<>"")*Checks!$D$2:$D$111)*100,"")
A16: ALL RULES | B16: =SUM(B5:B15) | C16: =SUM(C5:C15) | D16: =SUM(D5:D15) | E16: =SUM(E5:E15) | F16: =SUM(F5:F15) | G16: =AVERAGE(Checks!$F$2:$F$111) | H16: =SUMPRODUCT((Checks!$F$2:$F$111<>"")*Checks!$E$2:$E$111)/SUMPRODUCT((Checks!$F$2:$F$111<>"")*Checks!$D$2:$D$111)*100
A18: Source data: live JK_CTP_PPDS / jkplanning_CTP tables of the run (see README_v98.md); check workbooks *_v98.xlsx in the same folder.

Sheet Checks
A1: section | B1: rule | C1: test | D1: occurrences | E1: followed | F1: adherence % | G1: status | H1: note | I1: source tables
A2: Building & curing | B2: B1 building eligibility | C2: build row on a TBM its GT is routed to | D2: 1395 | E2: 1378 | F2: 98.78 | G2: PARTIAL | H2: 0 rows whose GT has no GT BUILDING routing; 7 rows whose GT differs from the routing GT of the SKU | I2: JK_CTP_PPDS.CTP_Master_Routing; JK_CTP_PPDS.CTP_Master_ChangeoverMatrix; plan files (latest_plan_file)
A3: Building & curing | B3: B2 building capacity | C3: TBM-day: build + changeovers x different-size time <= available (PCR at BJ 60, TBR 24) | D3: 249 | E3: 249 | F3: 100 | G3: PASS | I3: JK_CTP_PPDS.CTP_Master_Routing; JK_CTP_PPDS.CTP_Master_ChangeoverMatrix; plan files (latest_plan_file)
A4: Building & curing | B4: B2 building capacity | C4: PCR TBM-day at CONTI 42 min | D4: 141 | E4: 141 | F4: 100 | G4: PASS | I4: JK_CTP_PPDS.CTP_Master_Routing; JK_CTP_PPDS.CTP_Master_ChangeoverMatrix; plan files (latest_plan_file)
A5: Building & curing | B5: B2 building capacity | C5: lot run time = qty x routing cycle / efficiency (+-1 min) | D5: 855 | E5: 855 | F5: 100 | G5: PASS | I5: JK_CTP_PPDS.CTP_Master_Routing; JK_CTP_PPDS.CTP_Master_ChangeoverMatrix; plan files (latest_plan_file)
A6: Building & curing | B6: B2 building capacity | C6: changeover: gap before the new GT >= different-size time (BJ for PCR) | D6: 358 | E6: 358 | F6: 100 | G6: PASS | I6: JK_CTP_PPDS.CTP_Master_Routing; JK_CTP_PPDS.CTP_Master_ChangeoverMatrix; plan files (latest_plan_file)
A7: Building & curing | B7: B2 building capacity | C7: changeover: gap before the new GT >= different-size time (CONTI for PCR) | D7: 358 | E7: 358 | F7: 100 | G7: PASS | I7: JK_CTP_PPDS.CTP_Master_Routing; JK_CTP_PPDS.CTP_Master_ChangeoverMatrix; plan files (latest_plan_file)
A8: Building & curing | B8: C1 curing eligibility | C8: cure block on a press allowed by the routing | D8: 4903 | E8: 4873 | F8: 99.39 | G8: PARTIAL | H8: 30 blocks whose SKU has no CURING routing | I8: JK_CTP_PPDS.CTP_Master_Routing; JK_CTP_PPDS.CTP_Master_ChangeoverMatrix; plan files (latest_plan_file)
A9: Building & curing | B9: C2 curing capacity | C9: line-day: cure minutes (q_shift rate) <= presses x available | D9: 28 | E9: 28 | F9: 100 | G9: PASS | I9: JK_CTP_PPDS.CTP_Master_Routing; JK_CTP_PPDS.CTP_Master_ChangeoverMatrix; plan files (latest_plan_file)
A10: Building & curing | B10: C2 curing capacity | C10: press-day: cure minutes (q_shift rate) <= available | D10: 2065 | E10: 2065 | F10: 100 | G10: PASS | I10: JK_CTP_PPDS.CTP_Master_Routing; JK_CTP_PPDS.CTP_Master_ChangeoverMatrix; plan files (latest_plan_file)
A11: Building & curing | B11: C2 curing capacity | C11: cure block qty <= q_shift (tyres a press cures in a shift) | D11: 4903 | E11: 4903 | F11: 100 | G11: PASS | I11: JK_CTP_PPDS.CTP_Master_Routing; JK_CTP_PPDS.CTP_Master_ChangeoverMatrix; plan files (latest_plan_file)
A12: Building & curing | B12: C2 curing capacity | C12: cure block: schedule cycleTime = routing cure time | D12: 4825 | E12: 4825 | F12: 100 | G12: PASS | H12: info | I12: JK_CTP_PPDS.CTP_Master_Routing; JK_CTP_PPDS.CTP_Master_ChangeoverMatrix; plan files (latest_plan_file)
A13: Building & curing | B13: C2 curing capacity | C13: press blocks do not overlap | D13: 4903 | E13: 4903 | F13: 100 | G13: PASS | I13: JK_CTP_PPDS.CTP_Master_Routing; JK_CTP_PPDS.CTP_Master_ChangeoverMatrix; plan files (latest_plan_file)
A14: Mixing | B14: BR-V1 | C14: mixer shift row in whole batches | D14: 567 | E14: 567 | F14: 100 | G14: PASS | I14: JK_CTP_PPDS.CTP_Master_Routing; JK_CTP_PPDS.CTP_Master_BOM
A15: Mixing | B15: BRM-01 | C15: mixing lot >= 5 batches (MPQ) | D15: 545 | E15: 545 | F15: 100 | G15: PASS | I15: JK_CTP_PPDS.CTP_Master_Routing; JK_CTP_PPDS.CTP_Master_BOM
A16: Mixing | B16: BRM-02 | C16: sticky lot in stacks of 3 batches | D16: 22 | E16: 22 | F16: 100 | G16: PASS | I16: JK_CTP_PPDS.CTP_Master_Routing; JK_CTP_PPDS.CTP_Master_BOM
A17: Mixing | B17: BRM-10 | C17: compound change on a mixer, gap >= 1 min | D17: 475 | E17: 475 | F17: 100 | G17: PASS | I17: JK_CTP_PPDS.CTP_Master_Routing; JK_CTP_PPDS.CTP_Master_BOM
A18: Mixing | B18: BRM-06 | C18: master<->final switch with TR100 clean-out | D18: 6 | E18: 6 | F18: 100 | G18: PASS | H18: gap >= 6 min (1 min changeover + 5 min TR100) | I18: JK_CTP_PPDS.CTP_Master_Routing; JK_CTP_PPDS.CTP_Master_BOM
A19: Mixing | B19: BRM-03 / BR-V2 | C19: transition at a butyl / protected compound | D19: 33 | E19: 33 | F19: 100 | G19: PASS | H19: in sequence, or clean-out >= required (final 120 s; master: changeover only) | I19: JK_CTP_PPDS.CTP_Master_Routing; JK_CTP_PPDS.CTP_Master_BOM
A20: Mixing | B20: BR-V2 prep in front | C20: 30G run starts right after B1/B2/B99 (or inside a butyl block that starts right after B1/B2/B99) | D20: 6 | E20: 6 | F20: 100 | G20: PASS | I20: JK_CTP_PPDS.CTP_Master_Routing; JK_CTP_PPDS.CTP_Master_BOM
A21: Mixing | B21: BR-V2 prep in front | C21: IL3 run starts right after B1/B2/B99 or its IL family (or inside a butyl block that starts right after B1/B2/B99) | D21: 7 | E21: 7 | F21: 100 | G21: PASS | I21: JK_CTP_PPDS.CTP_Master_Routing; JK_CTP_PPDS.CTP_Master_BOM
A22: Mixing | B22: BR-V2 prep in front | C22: IL5 run starts right after B1/B2/B99 or its IL family (or inside a butyl block that starts right after B1/B2/B99) | D22: 8 | E22: 8 | F22: 100 | G22: PASS | I22: JK_CTP_PPDS.CTP_Master_Routing; JK_CTP_PPDS.CTP_Master_BOM
A23: Mixing | B23: BRM-09 | C23: (mixer, shift, compound) as one run | D23: 484 | E23: 484 | F23: 100 | G23: PASS | I23: JK_CTP_PPDS.CTP_Master_Routing; JK_CTP_PPDS.CTP_Master_BOM
A24: Mixing | B24: BRM-11 | C24: mixing lot on a plant-allowed mixer | D24: 545 | E24: 545 | F24: 100 | G24: PASS | I24: JK_CTP_PPDS.CTP_Master_Routing; JK_CTP_PPDS.CTP_Master_BOM
A25: Mixing | B25: 3.1.3 / BRM-07 | C25: plant day (07:00->07:00) with exactly one IL campaign | D25: 12 | E25: 12 | F25: 100 | G25: PASS | I25: JK_CTP_PPDS.CTP_Master_Routing; JK_CTP_PPDS.CTP_Master_BOM
A26: Mixing | B26: 3.1.3 | C26: IL campaign with a butyl-friendly (B1/B2/B99) in front of its butyl block | D26: 12 | E26: 12 | F26: 100 | G26: PASS | I26: JK_CTP_PPDS.CTP_Master_Routing; JK_CTP_PPDS.CTP_Master_BOM
A27: Mixing | B27: BRM-12 | C27: plant-approved mixing cycle time | D27: 0 | E27: 0 | G27: NOT SCORED | H27: NOT SCORED: setting: runtime = qty / routing proc_time x efficiency | I27: JK_CTP_PPDS.CTP_Master_Routing; JK_CTP_PPDS.CTP_Master_BOM
A28: Mixing | B28: BRM-13 | C28: +5 buffer batches per compound | D28: 0 | E28: 0 | G28: NOT SCORED | H28: NOT SCORED: setting: buffer_batches = 5 on each compound's last lot | I28: JK_CTP_PPDS.CTP_Master_Routing; JK_CTP_PPDS.CTP_Master_BOM
A29: Mixing | B29: BRM-05 | C29: ML405/ML406 followed by MK3 | D29: 0 | E29: 0 | G29: NOT SCORED | H29: NOT SCORED: not applicable: no MK3 demand in this plan | I29: JK_CTP_PPDS.CTP_Master_Routing; JK_CTP_PPDS.CTP_Master_BOM
A30: Mixing | B30: BRM-04 | C30: K4 sequencing around IL compounds | D30: 0 | E30: 0 | G30: NOT SCORED | H30: NOT SCORED: not modelled (plant: 'confirm for CTP') | I30: JK_CTP_PPDS.CTP_Master_Routing; JK_CTP_PPDS.CTP_Master_BOM
A31: Mixing | B31: BRM-08 | C31: both finals of one master consecutively | D31: 0 | E31: 0 | G31: NOT SCORED | H31: NOT SCORED: not modelled (plant: 'confirm for CTP') | I31: JK_CTP_PPDS.CTP_Master_Routing; JK_CTP_PPDS.CTP_Master_BOM
A32: Mixing (rules 01-Oct + v47) | B32: Final Mixer – Before Butyl | C32: A Butyl-friendly compound (B1, B2, B99) must run immediately before a Butyl block (30G, IL3, IL5 -- butyl compounds may follow each other inside the block with the 120 s clean-out); user 10-Oct, as the plant. | D32: 21 | E32: 21 | F32: 100 | G32: PASS | I32: JK_CTP_PPDS.CTP_Master_Routing; JK_CTP_PPDS.CTP_Master_BOM; JK_CTP_PPDS.CTP_Master_FRC
A33: Mixing (rules 01-Oct + v47) | B33: Final Mixer – After Butyl | C33: After running a Butyl compound, a mandatory 120-second clean-out must be provided: final 30G / IL3 / IL5 and (rule text) 29MG / ML405 / ML605 ('ML045 / ML065'); gap to the next compound >= 120 s. | D33: 17 | E33: 17 | F33: 100 | G33: PASS | I33: JK_CTP_PPDS.CTP_Master_Routing; JK_CTP_PPDS.CTP_Master_BOM; JK_CTP_PPDS.CTP_Master_FRC
A34: Mixing (rules 01-Oct + v47) | B34: Master Mixer – Butyl Sequence | C34: A Butyl-friendly compound (MB100, MB200, XMB98) must run immediately before and after the Butyl block (29MG, ML405, ML605 together, 120 s clean-out between them); user 10-Oct, as the plant. | D34: 0 | E34: 0 | G34: REPORT | I34: JK_CTP_PPDS.CTP_Master_Routing; JK_CTP_PPDS.CTP_Master_BOM; JK_CTP_PPDS.CTP_Master_FRC
A35: Mixing (rules 01-Oct + v47) | B35: 430-2 Master Mixer – Final Compound | C35: When a final compound (T638) is run on the 430-2 Master Mixer, a mandatory 120-second clean-out must be provided both before and after the compound. | D35: 51 | E35: 51 | F35: 100 | G35: PASS | I35: JK_CTP_PPDS.CTP_Master_Routing; JK_CTP_PPDS.CTP_Master_BOM; JK_CTP_PPDS.CTP_Master_FRC
A36: Mixing (rules 01-Oct + v47) | B36: IL3 and IL5 together in one go a day | C36: IL3 and IL5 made together in the final mixer in ONE go once a day: B99 -> IL3 -> IL5 back to back (each compound once, no other compound between). | D36: 12 | E36: 12 | F36: 100 | G36: PASS | I36: JK_CTP_PPDS.CTP_Master_Routing; JK_CTP_PPDS.CTP_Master_BOM; JK_CTP_PPDS.CTP_Master_FRC
A37: Mixing (rules 01-Oct + v47) | B37: Mixing output in batches | C37: The mixing output should be in terms of batches, not KG. | D37: 567 | E37: 567 | F37: 100 | G37: PASS | I37: JK_CTP_PPDS.CTP_Master_Routing; JK_CTP_PPDS.CTP_Master_BOM; JK_CTP_PPDS.CTP_Master_FRC
A38: Mixing (rules 01-Oct + v47) | B38: One compound in one mixer per day | C38: One compound should be planned in only one mixer per plant day (07:00 -> 07:00) and not split across multiple mixers. | D38: 394 | E38: 394 | F38: 100 | G38: PASS | I38: JK_CTP_PPDS.CTP_Master_Routing; JK_CTP_PPDS.CTP_Master_BOM; JK_CTP_PPDS.CTP_Master_FRC
A39: Mixing (rules 01-Oct + v47) | B39: Same compound not repeated within 15 h (24 h IL / 4RC) | C39: A new run of the same compound starts at least 15 h after the previous run of it started (24 h for IL3 / IL5 and the 4RC compounds); butyl-friendly compounds exempt (config mixing_v47.exempt). | D39: 391 | E39: 391 | F39: 100 | G39: PASS | I39: JK_CTP_PPDS.CTP_Master_Routing; JK_CTP_PPDS.CTP_Master_BOM; JK_CTP_PPDS.CTP_Master_FRC
A40: Mixing (rules 01-Oct + v47) | B40: Final compound – clean-out after | C40: After running every final compound, a mandatory 120-second clean-out must be provided before the next compound (user 13-Oct). | D40: 472 | E40: 472 | F40: 100 | G40: PASS | I40: JK_CTP_PPDS.CTP_Master_Routing; JK_CTP_PPDS.CTP_Master_BOM; JK_CTP_PPDS.CTP_Master_FRC
A41: Mixing (rules 01-Oct + v47) | B41: Final mixer batches per shift (target 230) | C41: average whole batches per shift (A / B / C, every shift of the plan window, idle = 0) on each final mixer vs the target 230 (report, no cap) | D41: 180 | G41: REPORT | H41: TARGET (report): F270 avg 109 / shift (min 0, max 244); F440 avg 91 / shift (min 0, max 239); K270M avg 80 / shift (min 0, max 214); K310 avg 69 / shift (min 0, max 236); K430-1 avg 50 / shift (min 0, max 223); K430-2 avg 42 / shift (min 0, max 223) -- 32.0% of target | I41: JK_CTP_PPDS.CTP_Master_Routing; JK_CTP_PPDS.CTP_Master_BOM; JK_CTP_PPDS.CTP_Master_FRC
A42: MPQ | B42: MPQ-DB | C42: upstream lot >= its CTP_Master_MPQ minimum | D42: 3707 | E42: 3707 | F42: 100 | G42: PASS | H42: 226 lots without an MPQ row; 8 edge items on the smallest gauge | I42: JK_CTP_PPDS.CTP_Master_MPQ; JK_CTP_PPDS.CTP_Master_BOM; JK_CTP_PPDS.CTP_Master_Routing; JK_CTP_PPDS.CTP_Master_BuildingAllowable
A43: 4-roll calender (901) | B43: 4RC-2 bypass slitted | C43: 'CAP 66- slitted material' lots (must be 0) | D43: 1 | E43: 1 | F43: 100 | G43: PASS | H43: 0 slitted lots; 20 mother-roll lots on 901 | I43: JK_CTP_PPDS.CTP_Master_Routing; JK_CTP_PPDS.CTP_Master_ChangeoverMatrix; JK_CTP_PPDS.CTP_Master_FRC
A44: 4-roll calender (901) | B44: 4RC-4 routing line speed | C44: 901 lot run time = metres / (proc_time x efficiency) +- 1 min | D44: 172 | E44: 172 | F44: 100 | G44: PASS | I44: JK_CTP_PPDS.CTP_Master_Routing; JK_CTP_PPDS.CTP_Master_ChangeoverMatrix; JK_CTP_PPDS.CTP_Master_FRC
A45: 4-roll calender (901) | B45: 4RC-5 creel (one creel) | C45: cord change: next steel >= 240 min after the old cord | D45: 23 | E45: 23 | F45: 100 | G45: PASS | I45: JK_CTP_PPDS.CTP_Master_Routing; JK_CTP_PPDS.CTP_Master_ChangeoverMatrix; JK_CTP_PPDS.CTP_Master_FRC
A46: 4-roll calender (901) | B46: 4RC-5 creel (one creel) | C46: creel time not stacked on the serial changeover | D46: 23 | E46: 23 | F46: 100 | G46: PASS | I46: JK_CTP_PPDS.CTP_Master_Routing; JK_CTP_PPDS.CTP_Master_ChangeoverMatrix; JK_CTP_PPDS.CTP_Master_FRC
A47: 4-roll calender (901) | B47: 4RC-3 capacity (separately) | C47: plant day with steel and fabric each <= available | D47: 11 | E47: 11 | F47: 100 | G47: PASS | I47: JK_CTP_PPDS.CTP_Master_Routing; JK_CTP_PPDS.CTP_Master_ChangeoverMatrix; JK_CTP_PPDS.CTP_Master_FRC
A48: 4-roll calender (901) | B48: 4RC-3 capacity (combined) | C48: plant day with steel + fabric <= available | D48: 11 | E48: 11 | F48: 100 | G48: PASS | I48: JK_CTP_PPDS.CTP_Master_Routing; JK_CTP_PPDS.CTP_Master_ChangeoverMatrix; JK_CTP_PPDS.CTP_Master_FRC
A49: 4-roll calender (901) | B49: 4RC-6 roll lengths | C49: lot <= one spool / dip length (max roll) | D49: 172 | E49: 172 | F49: 100 | G49: PASS | I49: JK_CTP_PPDS.CTP_Master_Routing; JK_CTP_PPDS.CTP_Master_ChangeoverMatrix; JK_CTP_PPDS.CTP_Master_FRC
A50: 4-roll calender (901) | B50: 4RC-6 roll lengths | C50: lot >= minimum roll length (spool_length / MPQ) | D50: 172 | E50: 172 | F50: 100 | G50: PASS | I50: JK_CTP_PPDS.CTP_Master_Routing; JK_CTP_PPDS.CTP_Master_ChangeoverMatrix; JK_CTP_PPDS.CTP_Master_FRC
A51: 4-roll calender (901) | B51: 4RC-6 roll lengths | C51: spool / dip ends at 0 or >= minimum roll (no infeasible residual) | D51: 16 | E51: 16 | F51: 100 | G51: PASS | I51: JK_CTP_PPDS.CTP_Master_Routing; JK_CTP_PPDS.CTP_Master_ChangeoverMatrix; JK_CTP_PPDS.CTP_Master_FRC
A52: 4-roll calender (901) | B52: 4RC-6 roll lengths | C52: changeovers on 901 (item switches; report) | D52: 70 | E52: 70 | G52: REPORT | H52: 71 runs for 172 lots | I52: JK_CTP_PPDS.CTP_Master_Routing; JK_CTP_PPDS.CTP_Master_ChangeoverMatrix; JK_CTP_PPDS.CTP_Master_FRC
A53: 4-roll calender (901) | B53: 4RC-7 one go per day | C53: item made in ONE run per plant day (07:00 -> 07:00) | D53: 74 | E53: 74 | F53: 100 | G53: PASS | I53: JK_CTP_PPDS.CTP_Master_Routing; JK_CTP_PPDS.CTP_Master_ChangeoverMatrix; JK_CTP_PPDS.CTP_Master_FRC
A54: 4-roll calender (901) | B54: 4RC-8 spool entirely consumed | C54: wire / dip change only after its spool is fully used | D54: 61 | E54: 5 | G54: NOT SCORED | H54: NOT SCORED: switched off in this version (config) -- measured only. 56 changes with metres left, e.g. [(Timestamp('2026-10-13 03:27:03.599999999'), '1036S42100', 7051), (Timestamp('2026-10-13 08:41:41.999999998'), '1032281000', 2710), (Timestamp('2026-10-14 05:21:35.999999998'), '1034284300', 1827)] | I54: JK_CTP_PPDS.CTP_Master_Routing; JK_CTP_PPDS.CTP_Master_ChangeoverMatrix; JK_CTP_PPDS.CTP_Master_FRC
A55: 4-roll calender (901) | B55: 4RC-9 steel<->fabric (rule 3) | C55: steel cord change with fabric between (days with fabric on 901) | D55: 23 | E55: 21 | F55: 91.3 | G55: PARTIAL | H55: 0 cord change(s) on days with no fabric lot (cannot comply, not scored); 0 pair(s) on the same FRC wire (one spool, not a cord change) | I55: JK_CTP_PPDS.CTP_Master_Routing; JK_CTP_PPDS.CTP_Master_ChangeoverMatrix; JK_CTP_PPDS.CTP_Master_FRC
A56: 4-roll calender (901) | B56: 4RC v42 wire campaigns | C56: report: steel creel loads / dip loads (same FRC wire_type run together) | D56: 62 | E56: 62 | G56: REPORT | H56: 25 steel creel loads, 37 fabric dip loads | I56: JK_CTP_PPDS.CTP_Master_Routing; JK_CTP_PPDS.CTP_Master_ChangeoverMatrix; JK_CTP_PPDS.CTP_Master_FRC
A57: 4-roll calender (901) | B57: 4RC v42 wire campaigns | C57: items inside a wire load in the cheapest matrix order | D57: 7 | E57: 7 | F57: 100 | G57: PASS | I57: JK_CTP_PPDS.CTP_Master_Routing; JK_CTP_PPDS.CTP_Master_ChangeoverMatrix; JK_CTP_PPDS.CTP_Master_FRC
A58: 4-roll calender (901) | B58: 4RC-10 no idle inside a load | C58: report: idle between dips / spools of a loaded wire (at a dip / spool boundary) | D58: 0 | E58: 0 | G58: REPORT | H58: 0.0 h | I58: JK_CTP_PPDS.CTP_Master_Routing; JK_CTP_PPDS.CTP_Master_ChangeoverMatrix; JK_CTP_PPDS.CTP_Master_FRC
A59: 4-roll calender (901) | B59: 4RC-10 no idle inside a load | C59: no idle in the MIDDLE of a dip / spool (loads) | D59: 62 | E59: 62 | F59: 100 | G59: PASS | I59: JK_CTP_PPDS.CTP_Master_Routing; JK_CTP_PPDS.CTP_Master_ChangeoverMatrix; JK_CTP_PPDS.CTP_Master_FRC
A60: 4-roll calender (901) | B60: 4RC-9 least changeover | C60: report: changeovers by matrix type | D60: 70 | E60: 70 | G60: REPORT | H60: {'steel to fabric changeover': 18, 'fabric to steel changeover': 17, 'fabric to fabric changeover': 16, 'dual groove roll set up cwbp60': 10, 'steel to steel compound change': 6, 'steel to steel changeover': 3} | I60: JK_CTP_PPDS.CTP_Master_Routing; JK_CTP_PPDS.CTP_Master_ChangeoverMatrix; JK_CTP_PPDS.CTP_Master_FRC
A61: Extrusion - Quintoplex (1002) | B61: BR-18 eligibility | C61: lot on 1002 is routed to 1002 | D61: 192 | E61: 192 | F61: 100 | G61: PASS | I61: JK_CTP_PPDS.CTP_Master_Routing; JK_CTP_PPDS.CTP_Master_ChangeoverMatrix; JK_CTP_PPDS.CTP_Master_BOM
A62: Extrusion - Quintoplex (1002) | B62: BR-18 eligibility | C62: routed item lot runs on 1002 | D62: 192 | E62: 192 | F62: 100 | G62: PASS | I62: JK_CTP_PPDS.CTP_Master_Routing; JK_CTP_PPDS.CTP_Master_ChangeoverMatrix; JK_CTP_PPDS.CTP_Master_BOM
A63: Extrusion - Quintoplex (1002) | B63: BR-19 line speed | C63: run time = metres / (routing M/MIN x eff) +- 1 min | D63: 192 | E63: 192 | F63: 100 | G63: PASS | H63: routed items with no speed (not scheduled here unless listed in the sequence): ['TRD 1773 NEOPS', 'TRD 1776 RAN HPE', 'TRD 1935 XPC1', 'TRD 1964 SPT', 'TRD 2158 RAN HT', 'TRD 2268 RAN HPE', 'TRD 2467 RAN HP', 'TRD 2468 RAN HP', 'TRD 2476 RAN HT2', 'TRD 2476 RAN MT', 'TRD 2569 RAN AT', 'TRD 2676 RAN MT', 'TRD 2757 UXGR', 'TRD 2856 RAN MT'] | I63: JK_CTP_PPDS.CTP_Master_Routing; JK_CTP_PPDS.CTP_Master_ChangeoverMatrix; JK_CTP_PPDS.CTP_Master_BOM
A64: Extrusion - Quintoplex (1002) | B64: BR-20 matrix changeover | C64: gap before an item change >= matrix time | D64: 172 | E64: 172 | F64: 100 | G64: PASS | I64: JK_CTP_PPDS.CTP_Master_Routing; JK_CTP_PPDS.CTP_Master_ChangeoverMatrix; JK_CTP_PPDS.CTP_Master_BOM
A65: Extrusion - Quintoplex (1002) | B65: BR-21 sequencing | C65: switch is same die or compatible family (A / B) | D65: 191 | E65: 86 | G65: REPORT | H65: strict view (scored row: '... or coverage did not permit'). | I65: JK_CTP_PPDS.CTP_Master_Routing; JK_CTP_PPDS.CTP_Master_ChangeoverMatrix; JK_CTP_PPDS.CTP_Master_BOM
A66: Extrusion - Quintoplex (1002) | B66: BR-21 sequencing | C66: ... or coverage did not permit a compatible lot next | D66: 191 | E66: 104 | F66: 54.45 | G66: FAIL | H66: 87 switches where a compatible lot was available | I66: JK_CTP_PPDS.CTP_Master_Routing; JK_CTP_PPDS.CTP_Master_ChangeoverMatrix; JK_CTP_PPDS.CTP_Master_BOM
A67: Extrusion - Quintoplex (1002) | B67: BR-21 sequencing | C67: plant day without repeated compound-family changes (switches = families - 1) | D67: 11 | E67: 2 | F67: 18.18 | G67: FAIL | H67: 42 family switches vs minimum 19 | I67: JK_CTP_PPDS.CTP_Master_Routing; JK_CTP_PPDS.CTP_Master_ChangeoverMatrix; JK_CTP_PPDS.CTP_Master_BOM
A68: Extrusion - Duplex (1801) | B68: BR-22 eligibility | C68: lot on 1801 is routed to 1801 | D68: 158 | E68: 158 | F68: 100 | G68: PASS | I68: JK_CTP_PPDS.CTP_Master_Routing; JK_CTP_PPDS.CTP_Master_ChangeoverMatrix; JK_CTP_PPDS.CTP_Master_BOM
A69: Extrusion - Duplex (1801) | B69: BR-22 eligibility | C69: routed item lot runs on 1801 | D69: 158 | E69: 158 | F69: 100 | G69: PASS | I69: JK_CTP_PPDS.CTP_Master_Routing; JK_CTP_PPDS.CTP_Master_ChangeoverMatrix; JK_CTP_PPDS.CTP_Master_BOM
A70: Extrusion - Duplex (1801) | B70: BR-23 line speed | C70: run time = metres / (routing M/MIN x eff) +- 1 min | D70: 158 | E70: 158 | F70: 100 | G70: PASS | H70: routed items with no speed (not scheduled here unless listed in the sequence): ['TR5012', 'TR5086', 'TR5090', 'TR5091', 'TR5097', 'TR5104', 'TR5110', 'TR5120'] | I70: JK_CTP_PPDS.CTP_Master_Routing; JK_CTP_PPDS.CTP_Master_ChangeoverMatrix; JK_CTP_PPDS.CTP_Master_BOM
A71: Extrusion - Duplex (1801) | B71: BR-24 matrix changeover | C71: gap before an item change >= matrix time | D71: 148 | E71: 148 | F71: 100 | G71: PASS | H71: 1 switches on pairs missing in the matrix, charged 14 min | I71: JK_CTP_PPDS.CTP_Master_Routing; JK_CTP_PPDS.CTP_Master_ChangeoverMatrix; JK_CTP_PPDS.CTP_Master_BOM
A72: Extrusion - Duplex (1801) | B72: BR-25 sequencing | C72: switch is same die or same compound family | D72: 157 | E72: 155 | G72: REPORT | H72: strict view (scored row: '... or coverage did not permit'). | I72: JK_CTP_PPDS.CTP_Master_Routing; JK_CTP_PPDS.CTP_Master_ChangeoverMatrix; JK_CTP_PPDS.CTP_Master_BOM
A73: Extrusion - Duplex (1801) | B73: BR-25 sequencing | C73: ... or coverage did not permit a compatible lot next | D73: 157 | E73: 156 | F73: 99.36 | G73: PARTIAL | H73: 1 switches where a compatible lot was available | I73: JK_CTP_PPDS.CTP_Master_Routing; JK_CTP_PPDS.CTP_Master_ChangeoverMatrix; JK_CTP_PPDS.CTP_Master_BOM
A74: Extrusion - Duplex (1801) | B74: BR-25 sequencing | C74: plant day without repeated compound-family changes (switches = families - 1) | D74: 9 | E74: 8 | F74: 88.89 | G74: PARTIAL | H74: 2 family switches vs minimum 1 | I74: JK_CTP_PPDS.CTP_Master_Routing; JK_CTP_PPDS.CTP_Master_ChangeoverMatrix; JK_CTP_PPDS.CTP_Master_BOM
A75: Extrusion - Triplex (1001) | B75: BR-26 eligibility | C75: lot on 1001 is routed to 1001 | D75: 152 | E75: 152 | F75: 100 | G75: PASS | I75: JK_CTP_PPDS.CTP_Master_Routing; JK_CTP_PPDS.CTP_Master_ChangeoverMatrix; JK_CTP_PPDS.CTP_Master_BOM
A76: Extrusion - Triplex (1001) | B76: BR-26 eligibility | C76: routed item lot runs on 1001 | D76: 152 | E76: 152 | F76: 100 | G76: PASS | I76: JK_CTP_PPDS.CTP_Master_Routing; JK_CTP_PPDS.CTP_Master_ChangeoverMatrix; JK_CTP_PPDS.CTP_Master_BOM
A77: Extrusion - Triplex (1001) | B77: BR-27 line speed | C77: run time = metres / (routing M/MIN x eff) +- 1 min | D77: 149 | E77: 149 | F77: 100 | G77: PASS | H77: routed items with no speed (not scheduled here unless listed in the sequence): ['SUSSW01', 'SUSSW02', 'SW03SUS', 'SWRS30', 'SWRS63', 'SWRS65'] | I77: JK_CTP_PPDS.CTP_Master_Routing; JK_CTP_PPDS.CTP_Master_ChangeoverMatrix; JK_CTP_PPDS.CTP_Master_BOM
A78: Extrusion - Triplex (1001) | B78: BR-28 matrix changeover | C78: gap before an item change >= matrix time | D78: 134 | E78: 134 | F78: 100 | G78: PASS | H78: 2 switches on pairs missing in the matrix, charged 28 min | I78: JK_CTP_PPDS.CTP_Master_Routing; JK_CTP_PPDS.CTP_Master_ChangeoverMatrix; JK_CTP_PPDS.CTP_Master_BOM
A79: Extrusion - Triplex (1001) | B79: BR-28 sequencing | C79: switch is same die or same compound family | D79: 151 | E79: 115 | G79: REPORT | H79: strict view (scored row: '... or coverage did not permit'). | I79: JK_CTP_PPDS.CTP_Master_Routing; JK_CTP_PPDS.CTP_Master_ChangeoverMatrix; JK_CTP_PPDS.CTP_Master_BOM
A80: Extrusion - Triplex (1001) | B80: BR-28 sequencing | C80: ... or coverage did not permit a compatible lot next | D80: 151 | E80: 129 | F80: 85.43 | G80: PARTIAL | H80: 22 switches where a compatible lot was available | I80: JK_CTP_PPDS.CTP_Master_Routing; JK_CTP_PPDS.CTP_Master_ChangeoverMatrix; JK_CTP_PPDS.CTP_Master_BOM
A81: Extrusion - Triplex (1001) | B81: BR-28 sequencing | C81: plant day without repeated compound-family changes (switches = families - 1) | D81: 11 | E81: 1 | F81: 9.09 | G81: FAIL | H81: 33 family switches vs minimum 17 | I81: JK_CTP_PPDS.CTP_Master_Routing; JK_CTP_PPDS.CTP_Master_ChangeoverMatrix; JK_CTP_PPDS.CTP_Master_BOM
A82: Extrusion - Quadraplex (1803) | B82: BR-29 eligibility | C82: lot on 1803 is routed to 1803 | D82: 111 | E82: 111 | F82: 100 | G82: PASS | I82: JK_CTP_PPDS.CTP_Master_Routing; JK_CTP_PPDS.CTP_Master_ChangeoverMatrix; JK_CTP_PPDS.CTP_Master_BOM
A83: Extrusion - Quadraplex (1803) | B83: BR-29 eligibility | C83: routed item lot runs on 1803 | D83: 111 | E83: 111 | F83: 100 | G83: PASS | I83: JK_CTP_PPDS.CTP_Master_Routing; JK_CTP_PPDS.CTP_Master_ChangeoverMatrix; JK_CTP_PPDS.CTP_Master_BOM
A84: Extrusion - Quadraplex (1803) | B84: BR-30 line speed | C84: run time = metres / (routing M/MIN x eff) +- 1 min | D84: 111 | E84: 111 | F84: 100 | G84: PASS | H84: routed items with no speed (not scheduled here unless listed in the sequence): ['TSW-024'] | I84: JK_CTP_PPDS.CTP_Master_Routing; JK_CTP_PPDS.CTP_Master_ChangeoverMatrix; JK_CTP_PPDS.CTP_Master_BOM
A85: Extrusion - Quadraplex (1803) | B85: BR-31 matrix changeover | C85: gap before an item change >= matrix time | D85: 102 | E85: 102 | F85: 100 | G85: PASS | I85: JK_CTP_PPDS.CTP_Master_Routing; JK_CTP_PPDS.CTP_Master_ChangeoverMatrix; JK_CTP_PPDS.CTP_Master_BOM
A86: Extrusion - Quadraplex (1803) | B86: BR-32 sequencing | C86: switch is same die or same compound family | D86: 110 | E86: 85 | G86: REPORT | H86: strict view (scored row: '... or coverage did not permit'). | I86: JK_CTP_PPDS.CTP_Master_Routing; JK_CTP_PPDS.CTP_Master_ChangeoverMatrix; JK_CTP_PPDS.CTP_Master_BOM
A87: Extrusion - Quadraplex (1803) | B87: BR-32 sequencing | C87: ... or coverage did not permit a compatible lot next | D87: 110 | E87: 94 | F87: 85.45 | G87: PARTIAL | H87: 16 switches where a compatible lot was available | I87: JK_CTP_PPDS.CTP_Master_Routing; JK_CTP_PPDS.CTP_Master_ChangeoverMatrix; JK_CTP_PPDS.CTP_Master_BOM
A88: Extrusion - Quadraplex (1803) | B88: BR-32 sequencing | C88: plant day without repeated compound-family changes (switches = families - 1) | D88: 10 | E88: 3 | F88: 30 | G88: FAIL | H88: 22 family switches vs minimum 9 | I88: JK_CTP_PPDS.CTP_Master_Routing; JK_CTP_PPDS.CTP_Master_ChangeoverMatrix; JK_CTP_PPDS.CTP_Master_BOM
A89: General rules | B89: BR-1 | C89: building row on its planned TBM | D89: 855 | E89: 855 | F89: 100 | G89: PASS | I89: plan files (latest_plan_file); JK_CTP_PPDS.CTP_Master_Routing
A90: General rules | B90: BR-1 | C90: building row starts in its plan shift | D90: 855 | E90: 87 | G90: NOT SCORED | H90: NOT SCORED: switched off in this version (config) -- measured only. early 18 (max 23.8 h), late 750 (kit 440), median slip 35.5 h | I90: plan files (latest_plan_file); JK_CTP_PPDS.CTP_Master_Routing
A91: General rules | B91: BR-2 | C91: opening stock = shift-start snapshot; lots sized on net demand | D91: 1 | E91: 1 | F91: 100 | G91: PASS | H91: JK_CTP_PPDS.CTP_Opening_WIP snapshot 2026-10-12 06:31:40.652 -> 12,382 rows + 0 compound rows from the old feed (not in the snapshot) | made 15,377,982 vs net demand 15,200,727 (+1.2% MPQ / batch / buffer) | I91: JK_CTP_PPDS.CTP_Opening_WIP; JK_CTP_PPDS.CTP_Master_BOM
A92: General rules | B92: BR-3 | C92: cure block not waiting for green tyres (press fed) | D92: 4903 | E92: 4865 | F92: 99.22 | G92: PARTIAL | H92: kit status: {'READY': 4865, 'UNKNOWN': 30, 'SHORT': 8} | I92: plan files (latest_plan_file); JK_CTP_PPDS.CTP_Opening_WIP
A93: General rules | B93: BR-4 | C93: approved machine / item (upstream) | D93: 3939 | E93: 3939 | F93: 100 | G93: PASS | H93: 0 of 3939 upstream lots on a non-routed machine | I93: JK_CTP_PPDS.CTP_Master_Routing
A94: General rules | B94: BR-7 | C94: item change >= matrix time (matrix-mapped machines) | D94: 2258 | E94: 2258 | F94: 100 | G94: PASS | H94: 2258 item changes on 23 matrix-mapped machines checked, 0 shorter than the matrix | I94: JK_CTP_PPDS.CTP_Master_ChangeoverMatrix
A95: General rules | B95: BR-10 | C95: no lot inside a PM / MTC window | D95: 1 | E95: 1 | F95: 100 | G95: PASS | H95: 74 downtime_reason windows (0 inside the run); 0 scheduled blocks overlap one | I95: jkplanning_CTP.downtime_reason
A96: General rules | B96: BR-7 | C96: machines without a matrix line (flat default) | D96: 1 | E96: 0 | G96: NO DATA | H96: NO DATA: 6 upstream machines have NO matrix line -> flat default used | I96: JK_CTP_PPDS.CTP_Master_ChangeoverMatrix
A97: General rules | B97: BR-10 | C97: cutter shear change excluded from available minutes | D97: 1 | E97: 0 | G97: NO DATA | H97: NO DATA: NO DATA: no shear-change master in JK_CTP_PPDS | I97: jkplanning_CTP.downtime_reason
A98: General rules | B98: BR-5 | C98: lot run time = routing-based duration (+- 1 min) | D98: 3933 | E98: 3933 | F98: 100 | G98: PASS | I98: JK_CTP_PPDS.CTP_Master_Routing
A99: General rules | B99: BR-8 | C99: machine-day without repeated family changes (switches = families - 1) | D99: 216 | E99: 87 | G99: NOT SCORED | H99: NOT SCORED: switched off in this version (config) -- measured only. 1350 family switches vs minimum 667 on 19 machines | I99: JK_CTP_PPDS.CTP_Master_BOM; JK_CTP_PPDS.CTP_Master_ChangeoverMatrix
A100: General rules | B100: BR-9 | C100: (machine, shift, item) in one block | D100: 3358 | E100: 3210 | G100: NOT SCORED | H100: NOT SCORED: switched off in this version (config) -- measured only. split: {'1001': 4, '1002': 7, '1101': 2, '1102': 5, '1103': 4, '1104': 7, '1201': 5, '1801': 1, '1803': 6, '1901': 4, '201': 5, '202': 1, '2101': 37, '2201': 4, '601': 3, '801': 34, '802': 19} | I100: JK_CTP_PPDS.CTP_Master_Routing
...
